Title,Topic,Link,Image
Pramono Tiba di Jogja di Tengah Instruksi Megawati Minta Kepala Daerah PDIP Tunda Retret,Retret Kepala Daerah,https://www.tribunnews.com/nasional/2025/02/22/pramono-tiba-di-jogja-di-tengah-instruksi-megawati-minta-kepala-daerah-pdip-tunda-retret?utm_source=headline,https://asset-2.tstatic.net/tribunnews/foto/bank/images2/Pramono-Anung-ucapkan-selamat-ke-mayor-teddy.jpg
"Masih Berseteru, Razman Nasution Beri Pesan untuk Nikita Mirzani",Nikita Mirzani dan Keluarganya,https://www.tribunnews.com/seleb/2025/02/22/masih-berseteru-razman-nasution-beri-pesan-untuk-nikita-mirzani?utm_source=headline,https://asset-2.tstatic.net/tribunnews/foto/bank/images2/razman-di-kantor-peradi-banten.jpg
"Kompak Berpakaian Serba Hitam, Sejumlah Elite PDIP Kembali Merapat Ke Kediaman Megawati Sabtu Siang",Retret Kepala Daerah,https://www.tribunnews.com/nasional/2025/02/22/kompak-berpakaian-serba-hitam-sejumlah-elite-pdip-kembali-merapat-ke-kediaman-megawati-sabtu-siang?utm_source=headline,https://asset-2.tstatic.net/tribunnews/foto/bank/images2/ronny-di-rumah-megawati.jpg
"Hasil Liga Voli Korea: Bukilic Cedera, Megawati 6 Poin Bantu Red Sparks Gilas GS Caltex di Set I",Voli,https://www.tribunnews.com/sport/2025/02/22/hasil-liga-voli-korea-bukilic-cedera-megawati-6-poin-bantu-red-sparks-gilas-gs-caltex-di-set-i?utm_source=headline,https://asset-2.tstatic.net/tribunnews/foto/bank/images2/Mega-Buki-Hyundai-vs-Red-Sparks.jpg
"Kompak Berpakaian Serba Hitam, Sejumlah Elite PDIP Kembali Merapat Ke Kediaman Megawati Sabtu Siang",Retret Kepala Daerah,https://www.tribunnews.com/nasional/2025/02/22/kompak-berpakaian-serba-hitam-sejumlah-elite-pdip-kembali-merapat-ke-kediaman-megawati-sabtu-siang?utm_source=headline,https://asset-2.tstatic.net/tribunnews/foto/bank/images2/ronny-di-rumah-megawati.jpg
Menkomdigi Meutya Minta Platform Digital Wajib Perketat Perlindungan Anak dari Konten Berbahaya,,bisnis/2025/02/22/menkomdigi-meutya-minta-platform-digital-wajib-perketat-perlindungan-anak-dari-konten-berbahaya,https://asset-2.tstatic.net/tribunnews/foto/bank/thumbnails2/Menteri-Komunikasi-dan-Digital-Meutya-Hafid-batasi-konten-berbahaya.jpg
BPKH dan UI Kerja Sama Peningkatan Literasi Keuangan Haji dan Kemaslahatan Umat,,nasional/2025/02/22/bpkh-dan-ui-kerja-sama-peningkatan-literasi-keuangan-haji-dan-kemaslahatan-umat,https://asset-2.tstatic.net/tribunnews/foto/bank/thumbnails2/Kepala-Badan-Pelaksana-BPKH-Fadlul-Imansyah-dan-Rektor-UI-Heri-Hermansyah.jpg
"Pendidikan di Pakistan Dapat Sorotan, Menutup Kesenjangan Infrastruktur dan Sumber Daya",,internasional/2025/02/22/pendidikan-di-pakistan-dapat-sorotan-menutup-kesenjangan-infrastruktur-dan-sumber-daya,https://asset-2.tstatic.net/tribunnews/foto/bank/thumbnails2/bendera-pakistan-75thn.jpg
"Imbas Peretasan Bursa Kripto Bybit, Harga Bitcoin dan Ethereum Kompak Ambruk",,new-economy/2025/02/22/imbas-peretasan-bursa-kripto-bybit-harga-bitcoin-dan-ethereum-kompak-ambruk,https://asset-2.tstatic.net/tribunnews/foto/bank/thumbnails2/ILUSTRASI-PERETASAN-CHROME-Ilustrasi-peretasan-aplikasi-browser-Chrome.jpg
"Kinerja Makin Solid, BTN Siap Berkontribusi Dongkrak Pertumbuhan Ekonomi",,bisnis/2025/02/22/kinerja-makin-solid-btn-siap-berkontribusi-dongkrak-pertumbuhan-ekonomi,https://asset-2.tstatic.net/tribunnews/foto/bank/thumbnails2/gedung-BTN-di-kuningan.jpg
Respons Rano Karno Soal Gubernur Jakarta Pramono Anung Tiba di Yogyakarta: Tanya DPP Saja,,nasional/2025/02/22/respons-rano-karno-soal-gubernur-jakarta-pramono-anung-tiba-di-yogyakarta-tanya-dpp-saja,https://asset-2.tstatic.net/tribunnews/foto/bank/thumbnails2/Rano-Karno-dalam-acara-memeriahkan-hari-ulang-tahun-ke-78-Megawati-Soekarnoputri.jpg
"Skenario Persis Solo Selamat dari Jurang Degradasi Liga 1, Sananta Cs Melawan Kemustahilan",,superskor/2025/02/22/skenario-persis-solo-selamat-dari-jurang-degradasi-liga-1-sananta-cs-melawan-kemustahilan,https://asset-2.tstatic.net/tribunnews/foto/bank/thumbnails2/Liga-1-Persis-Solo-Kalahkan-Persebaya-Surabaya_20250208_155151.jpg
Bamsoet: Beri Kesempatan Presiden Prabowo Wujudkan Kebijakan Ekonomi Berlandaskan Konstitusi,,kilas-kementerian/2025/02/22/bamsoet-beri-kesempatan-presiden-prabowo-wujudkan-kebijakan-ekonomi-berlandaskan-konstitusi,https://asset-2.tstatic.net/tribunnews/foto/bank/thumbnails2/bamsoetbitcoinetfojk.jpg
Daftar Lengkap Roster 9 Tim MPL Indonesia Season 15: EVOS Minus Mid Lane,,e-sport/2025/02/22/daftar-lengkap-roster-9-tim-mpl-indonesia-season-15-evos-minus-mid-lane,https://asset-2.tstatic.net/tribunnews/foto/bank/thumbnails2/Roster-EVOS-Esports-di-MPL-ID-Season-15.jpg
Dukungan Farhat Abbas untuk Nikita Mirzani di Kasus Dugaan Pemerasan dengan Reza Gladys,,seleb/2025/02/22/dukungan-farhat-abbas-untuk-nikita-mirzani-di-kasus-dugaan-pemerasan-dengan-reza-gladys,https://asset-2.tstatic.net/tribunnews/foto/bank/thumbnails2/farhat-abbas-kuasa-hukum-ketua-umum-partai-republik-satu.jpg
Bamsoet Dorong Komunitas Motor Besar Kembangkan Budaya Tertib Berkendara di Jalan,,kilas-kementerian/2025/02/22/bamsoet-dorong-komunitas-motor-besar-kembangkan-budaya-tertib-berkendara-di-jalan,https://asset-2.tstatic.net/tribunnews/foto/bank/thumbnails2/bamsoetmotorbesar.jpg
"Soal Vokalis Sukatani Diduga Dipecat sebagai Guru, Ini Kata Menteri HAM Pigai hingga Ombudsman RI",,nasional/2025/02/22/soal-vokalis-sukatani-diduga-dipecat-sebagai-guru-ini-kata-menteri-ham-pigai-hingga-ombudsman-ri,https://asset-2.tstatic.net/tribunnews/foto/bank/thumbnails2/Mengenal-Sukatani-Band-Punk-Rock-Bikin-Lagu-Bayar-Bayar-Bayar-Polisi-Awal-Berdiri-hingga-Viral.jpg
"Suami Istri Tewas Akibat Longsor di Bandar Lampung, Korban Tertimpa Tembok Pembatas Rumah",,regional/2025/02/22/suami-istri-tewas-akibat-longsor-di-bandar-lampung-korban-tertimpa-tembok-pembatas-rumah,https://asset-2.tstatic.net/tribunnews/foto/bank/thumbnails2/Kondisi-rumah-korban-longsor-di-Jalan-Sisingamangaraja-Gang-Kelinci-3.jpg
Lestari Moerdijat: Kemampuan Literasi Generasi Muda Harus Konsisten Ditingkatkan,,kilas-kementerian/2025/02/22/lestari-moerdijat-kemampuan-literasi-generasi-muda-harus-konsisten-ditingkatkan,https://asset-2.tstatic.net/tribunnews/foto/bank/thumbnails2/Lestari-Moerdijat-172.jpg
"Megawati MVP Laga Red Sparks vs GS Caltex, Megatron Tabuh Genderang Perang untuk Pink Spiders",,sport/2025/02/22/megawati-mvp-laga-red-sparks-vs-gs-caltex-megatron-tabuh-genderang-perang-untuk-pink-spiders,https://asset-2.tstatic.net/tribunnews/foto/bank/thumbnails2/SPIKE-MEGAWATI-Megawati-Hangestri-nomor-8-dan.jpg
"Pertukaran Sandera Berlanjut Hari Ini, Enam Tawanan Israel Ditukar 602 Tahanan Palestina",,internasional/2025/02/22/pertukaran-sandera-berlanjut-hari-ini-enam-tawanan-israel-ditukar-602-tahanan-palestina,https://asset-2.tstatic.net/tribunnews/foto/bank/thumbnails2/Hamas-Bebaskan-3-sandera-Israel-pada-hari-Sabtu-1522025.jpg
"Masih Berseteru, Razman Nasution Beri Pesan untuk Nikita Mirzani",,seleb/2025/02/22/masih-berseteru-razman-nasution-beri-pesan-untuk-nikita-mirzani,https://asset-2.tstatic.net/tribunnews/foto/bank/thumbnails2/razman-di-kantor-peradi-banten.jpg
"Maia Estianty Dukung Pernikahan Al Ghazali, Doakan El Rumi dan Dul Jaelani Segera Menikah",,seleb/2025/02/22/maia-estianty-dukung-pernikahan-al-ghazali-doakan-el-rumi-dan-dul-jaelani-segera-menikah,https://asset-2.tstatic.net/tribunnews/foto/bank/thumbnails2/Maia-Estianty-sebut-dirinya-Irish-Bella-dan-Sarwendah-sebagai-wanita-kuat.jpg
"Kode Redeem ML Terbaru 22 Februari 2025, Dapatkan Reward Fragmen dan Skin Spesial di Akhir Pekan!",,techno/2025/02/22/kode-redeem-ml-terbaru-22-februari-2025-dapatkan-reward-fragmen-dan-skin-spesial-di-akhir-pekan,https://asset-2.tstatic.net/tribunnews/foto/bank/thumbnails2/Mobile-Legends-Bang-Bang-r5678iop.jpg
Razman Nasution Doakan Kesembuhan Hotman Paris yang Jatuh Sakit,,seleb/2025/02/22/razman-nasution-doakan-kesembuhan-hotman-paris-yang-jatuh-sakit,https://asset-2.tstatic.net/tribunnews/foto/bank/thumbnails2/Dr-H-Razman-Arif-Nasution-SH-SAg-MA.jpg
Pramono Tiba di Jogja di Tengah Instruksi Megawati Minta Kepala Daerah PDIP Tunda Retret,,nasional/2025/02/22/pramono-tiba-di-jogja-di-tengah-instruksi-megawati-minta-kepala-daerah-pdip-tunda-retret,https://asset-2.tstatic.net/tribunnews/foto/bank/thumbnails2/Pramono-Anung-ucapkan-selamat-ke-mayor-teddy.jpg
"Doktif Tanggapi Keterlibatan dalam Kasus Nikita Mirzani, Sebut Siap Ikuti Proses Penyidikan",,seleb/2025/02/22/doktif-tanggapi-keterlibatan-dalam-kasus-nikita-mirzani-sebut-siap-ikuti-proses-penyidikan,https://asset-2.tstatic.net/tribunnews/foto/bank/thumbnails2/doktif-dilaporkan-AS.jpg
Maia Estianty Doakan El Rumi-Syifa Hadju dan Dul-Tissa untuk Segera Menikah Susul Al Ghazali-Alyssa,,seleb/2025/02/22/maia-estianty-doakan-el-rumi-syifa-hadju-dan-dul-tissa-untuk-segera-menikah-susul-al-ghazali-alyssa,https://asset-2.tstatic.net/tribunnews/foto/bank/thumbnails2/maia-estianty-bukber_20160627_114055.jpg
Penampakan Senjata-Senjata Rampasan Al-Qassam dari IDF: Baru 2 dari 6 Sandera Israel Dibebaskan,,internasional/2025/02/22/penampakan-senjata-senjata-rampasan-al-qassam-dari-idf-baru-2-dari-6-sandera-israel-dibebaskan,https://asset-2.tstatic.net/tribunnews/foto/bank/thumbnails2/senjata-senjata-Israel-rampasan-yang-direbut-Brigade-Al-Qassam.jpg
"Penyaluran Bansos Ditarget Rampung Sebelum Ramadan, Ini Daftar Bansos yang Cair Februari 2025",,nasional/2025/02/22/penyaluran-bansos-ditarget-rampung-sebelum-ramadan-ini-daftar-bansos-yang-cair-februari-2025,https://asset-2.tstatic.net/tribunnews/foto/bank/thumbnails2/20110919_Bantuan_Program_Keluarga_Harapan_di_Manado.jpg
Firdaus Oiwobo Tolak Tantangan Tinju Vicky Prasetyo: Nggak Tertarik,,seleb/2025/02/22/firdaus-oiwobo-tolak-tantangan-tinju-vicky-prasetyo-nggak-tertarik,https://asset-2.tstatic.net/tribunnews/foto/bank/thumbnails2/Firdaus-Oiwobo-23532.jpg
"Efisiensi Anggaran, Trump Pecat 5400 Karyawan Pentagon dan Pindahkan 1500 Staf FBI dari Washington",,internasional/2025/02/22/efisiensi-anggaran-trump-pecat-5400-karyawan-pentagon-dan-pindahkan-1500-staf-fbi-dari-washington,https://asset-2.tstatic.net/tribunnews/foto/bank/thumbnails2/Donald-Trump-menjamu-Elon-Musk-di-Ruang-Oval-p.jpg
"Modus Tukang Nasi Goreng di Banten, Cabuli Anak di Bawah Umur Sesama Jenis, Iming-iming Rp 15 Ribu",,regional/2025/02/22/modus-tukang-nasi-goreng-di-banten-cabuli-anak-di-bawah-umur-sesama-jenis-iming-iming-rp-15-ribu,https://asset-2.tstatic.net/tribunnews/foto/bank/thumbnails2/ilustrasi-pencabulan-qq.jpg
"Kompak Berpakaian Serba Hitam, Sejumlah Elite PDIP Kembali Merapat Ke Kediaman Megawati Sabtu Siang",,nasional/2025/02/22/kompak-berpakaian-serba-hitam-sejumlah-elite-pdip-kembali-merapat-ke-kediaman-megawati-sabtu-siang,https://asset-2.tstatic.net/tribunnews/foto/bank/thumbnails2/ronny-di-rumah-megawati.jpg
"Hasil Liga Voli Putri Korea: Megawati On Fire, Red Sparks Runner-up Klasemen seusai Lumat GS Caltex",,sport/2025/02/22/hasil-liga-voli-putri-korea-megawati-on-fire-red-sparks-runner-up-klasemen-seusai-lumat-gs-caltex,https://asset-2.tstatic.net/tribunnews/foto/bank/thumbnails2/Megawati-Red-Sparks-vs-GS-Caltex-Liga-Voli-Korea-202425.jpg
"Nikita Mirzani Jadi Tersangka Kasus Dugaan Pemerasan, Firdaus Oiwobo Siap Membela",,seleb/2025/02/22/nikita-mirzani-jadi-tersangka-kasus-dugaan-pemerasan-firdaus-oiwobo-siap-membela,https://asset-2.tstatic.net/tribunnews/foto/bank/thumbnails2/Nikita-Mirzani-robohkan-rumah.jpg
"Sosok 4 Polisi yang Diduga Intimidasi Band Sukatani, Ternyata Anggota Siber Polda Jateng",,nasional/2025/02/22/sosok-4-polisi-yang-diduga-intimidasi-band-sukatani-ternyata-anggota-siber-polda-jateng,https://asset-2.tstatic.net/tribunnews/foto/bank/thumbnails2/Kabid-Humas-Polda-Jateng-Kombes-Artanto.jpg
"Terjemahan Lirik Lagu Minority - Green Day: I Want to be the Minority, I Don't Need Your Authority",,musik/2025/02/22/terjemahan-lirik-lagu-minority-green-day-i-want-to-be-the-minority-i-dont-need-your-authority,https://asset-2.tstatic.net/tribunnews/foto/bank/thumbnails2/Simak-harga-tiket-konser-Green-Day.jpg
"Wacana Penyeragaman Kemasan Rokok, Serikat Pekerja: Ancam Prinsip Asta Cita Prabowo",,nasional/2025/02/22/wacana-penyeragaman-kemasan-rokok-serikat-pekerja-ancam-prinsip-asta-cita-prabowo,https://asset-2.tstatic.net/tribunnews/foto/bank/thumbnails2/Kebijakan-kemasan-rokok-polos-tanpa-merek-berisiko-menyulitkan.jpg
"Kunci Gitar Manusia Setengah Dewa - Iwan Fals, Chord C: Wahai Presiden Kami yang Baru",,musik/2025/02/22/kunci-gitar-manusia-setengah-dewa-iwan-fals-chord-c-wahai-presiden-kami-yang-baru,https://asset-2.tstatic.net/tribunnews/foto/bank/thumbnails2/iwan-fals-dan-sawung-jabo-gebrak-panggung-synchronize-fest-2023_20230901_235927.jpg
Dalih Doktif saat Namanya Terseret Dalam Kasus yang Menjerat Nikita Mirzani: Itu Penggiringan Opini,,seleb/2025/02/22/dalih-doktif-saat-namanya-terseret-dalam-kasus-yang-menjerat-nikita-mirzani-itu-penggiringan-opini,https://asset-2.tstatic.net/tribunnews/foto/bank/thumbnails2/Doktif-ditemui-di-Polres-Metro-Tangerang-Selatan-ewf.jpg
Agustiar Sabran Ungkap Pesan Khusus Presiden Prabowo Saat Melantik Dirinya Jadi Gubernur Kalteng,,gebrakan-sang-pemimpin/2025/02/22/agustiar-sabran-ungkap-pesan-khusus-presiden-prabowo-saat-melantik-dirinya-jadi-gubernur-kalteng,https://asset-2.tstatic.net/tribunnews/foto/bank/thumbnails2/agustiar-s-1.jpg
Kunci Jawaban Bahasa Indonesia Kelas 3 SD/MI Kurikulum Merdeka Hal 49: Fakta Atau Fiksi,,pendidikan/2025/02/22/kunci-jawaban-bahasa-indonesia-kelas-3-sdmi-kurikulum-merdeka-hal-49-fakta-atau-fiksi,https://asset-2.tstatic.net/tribunnews/foto/bank/thumbnails2/Kunci-Jawaban-Bahasa-Indonesia-Kelas-3-SDMI-Kurikulum-Merdeka-Hal-42.jpg
"Kunci Jawaban Matematika Kelas 5 Halaman 59 Kurikulum Merdeka, Ayo Berlatih",,pendidikan/2025/02/22/kunci-jawaban-matematika-kelas-5-halaman-59-kurikulum-merdeka-ayo-berlatih,https://asset-2.tstatic.net/tribunnews/foto/bank/thumbnails2/Kunci-Jawaban-Matematika-Kelas-5-Halaman-165-Kurikulum-Merdeka-Tabel-61.jpg
"Profil Muzakir Manaf: Mantan Panglima GAM dan Pengawal Khadafi, Kini Ikut Retret di Akmil",,regional/2025/02/22/profil-muzakir-manaf-mantan-panglima-gam-dan-pengawal-khadafi-kini-ikut-retret-di-akmil,https://asset-2.tstatic.net/tribunnews/foto/bank/thumbnails2/MUZAKIR-MANAF-DI-RETRET-MAGELANG.jpg
